<dataset>
	<USUARIO login="joao" email="joao@email.com" nome="joao" senha="1243" pontos="13" />
	<USUARIO login="jose" email="jose@email.com" nome="jose" senha="4132" pontos="11" />
	<USUARIO login="maria" email="maria@email.com" nome="maria" senha="1324" pontos="22" />
	<USUARIO login="maria eduarda" email="me@email.com" nome="duda" senha="98756" pontos="10" />
	<TOPICO id_topico="1" login="joao" titulo="Testando o forum" conteudo="navegando pelo forum" />
	<TOPICO id_topico="2" login="maria" titulo="testando comentarios" conteudo="olhando os likes" />
	<TOPICO id_topico="3" login="jose" titulo="adicionando comentarios" conteudo="criando um comentario aqui" />
	<TOPICO id_topico="4" login="joao" titulo="teste" conteudo="teste de conteudo" />
</dataset>